[
  {
    "id": "c93f3e68-2343-4533-8124-219d8a220011",
    "data": [
      {
        "text": "hola",
        "meta": "@saludo",
        "alias": "saludo",
        "userDefined": true
      },
      {
        "text": " soy ",
        "userDefined": false
      },
      {
        "text": "daniel",
        "meta": "@sys.person",
        "alias": "person",
        "userDefined": true
      }
    ],
    "isTemplate": false,
    "count": 0,
    "lang": "es",
    "updated": 0
  },
  {
    "id": "f2083ac6-433e-47c9-9535-c2bd5244f9ee",
    "data": [
      {
        "text": ".",
        "userDefined": false
      }
    ],
    "isTemplate": false,
    "count": 0,
    "lang": "es",
    "updated": 0
  },
  {
    "id": "6f6dfe90-b1f0-46b4-9368-9cb81a77b9af",
    "data": [
      {
        "text": "hola",
        "userDefined": false
      }
    ],
    "isTemplate": false,
    "count": 0,
    "lang": "es",
    "updated": 0
  },
  {
    "id": "c7abcfa6-a0ee-4801-a812-4fe12b95eb1f",
    "data": [
      {
        "text": "hey",
        "userDefined": false
      }
    ],
    "isTemplate": false,
    "count": 0,
    "lang": "es",
    "updated": 0
  },
  {
    "id": "71ebe6f4-653a-4d55-902b-c7eba46eb1d3",
    "data": [
      {
        "text": "saludos",
        "userDefined": false
      }
    ],
    "isTemplate": false,
    "count": 0,
    "lang": "es",
    "updated": 0
  },
  {
    "id": "9c9dda99-5cc4-4dd3-ad41-ddd6a81cf9f3",
    "data": [
      {
        "text": "hey ho",
        "userDefined": false
      }
    ],
    "isTemplate": false,
    "count": 0,
    "lang": "es",
    "updated": 0
  },
  {
    "id": "99475bec-1ce4-4156-b674-7528587e7418",
    "data": [
      {
        "text": "chao",
        "userDefined": false
      }
    ],
    "isTemplate": false,
    "count": 0,
    "lang": "es",
    "updated": 0
  }
]