[
  {
    "id": "bbd050a6-e990-4959-98e1-2ab2f38c6929",
    "data": [
      {
        "text": "¿Qué requisitos debo cumplir ",
        "userDefined": false
      },
      {
        "text": "para",
        "userDefined": false
      },
      {
        "text": " aplicar a ",
        "userDefined": false
      },
      {
        "text": "un",
        "userDefined": false
      },
      {
        "text": " programa académico ",
        "userDefined": false
      },
      {
        "text": "en el exterior",
        "userDefined": false
      },
      {
        "text": " dentro de ",
        "userDefined": false
      },
      {
        "text": "un",
        "userDefined": false
      },
      {
        "text": " convenio específico?",
        "userDefined": false
      }
    ],
    "isTemplate": false,
    "count": 0,
    "lang": "es",
    "updated": 0
  },
  {
    "id": "4d0a9879-bf1b-4259-a713-9a22cb3573d1",
    "data": [
      {
        "text": "requisitos",
        "userDefined": false
      }
    ],
    "isTemplate": false,
    "count": 0,
    "lang": "es",
    "updated": 0
  }
]