[
  {
    "id": "50ed8eb8-06ba-4ea4-9134-86b3bc7a0437",
    "data": [
      {
        "text": "¿Cuáles son los programas de movilidad que ofrece ",
        "userDefined": false
      },
      {
        "text": "la USTA",
        "userDefined": false
      },
      {
        "text": "?",
        "userDefined": false
      }
    ],
    "isTemplate": false,
    "count": 0,
    "lang": "es",
    "updated": 0
  },
  {
    "id": "9c2fe826-0bc1-4a41-b348-2eb9e55e1034",
    "data": [
      {
        "text": "¿Programas de movilidad?",
        "userDefined": false
      }
    ],
    "isTemplate": false,
    "count": 0,
    "lang": "es",
    "updated": 0
  }
]