[
  {
    "id": "f76a2e38-83e7-4cb5-aa7d-b908692a4cc3",
    "data": [
      {
        "text": "duración",
        "userDefined": false
      }
    ],
    "isTemplate": false,
    "count": 0,
    "lang": "es",
    "updated": 0
  },
  {
    "id": "29b4dcf3-1e2d-4654-8bbc-0af2f58f94b4",
    "data": [
      {
        "text": "¿Cuál ",
        "userDefined": false
      },
      {
        "text": "es la",
        "userDefined": false
      },
      {
        "text": " duración de los programas de movilidad?",
        "userDefined": false
      }
    ],
    "isTemplate": false,
    "count": 0,
    "lang": "es",
    "updated": 0
  }
]