[
  {
    "id": "72e43f35-41f9-49ff-961e-a636b450839d",
    "data": [
      {
        "text": "¿Cómo puedo acceder a esta información? ¿Cómo aplicar a ",
        "userDefined": false
      },
      {
        "text": "un",
        "userDefined": false
      },
      {
        "text": " programa de movilidad?",
        "userDefined": false
      }
    ],
    "isTemplate": false,
    "count": 0,
    "lang": "es",
    "updated": 0
  },
  {
    "id": "486229bc-51b4-46ae-a0f3-04dbfd708097",
    "data": [
      {
        "text": "¿como aplicar a ",
        "userDefined": false
      },
      {
        "text": "un",
        "userDefined": false
      },
      {
        "text": " programa?",
        "userDefined": false
      }
    ],
    "isTemplate": false,
    "count": 0,
    "lang": "es",
    "updated": 0
  }
]