[
  {
    "id": "db1ca4b7-8995-48f5-960a-051e45197dbd",
    "data": [
      {
        "text": "¿Al aplicar a ",
        "userDefined": false
      },
      {
        "text": "un",
        "userDefined": false
      },
      {
        "text": " programa de movilidad debo aplazar ",
        "userDefined": false
      },
      {
        "text": "mi",
        "userDefined": false
      },
      {
        "text": " ",
        "userDefined": false
      },
      {
        "text": "carrera",
        "userDefined": false
      },
      {
        "text": " o puedo homologar asignaturas?",
        "userDefined": false
      }
    ],
    "isTemplate": false,
    "count": 0,
    "lang": "es",
    "updated": 0
  },
  {
    "id": "b4ae910f-26e0-406f-84a4-5846fb77fec6",
    "data": [
      {
        "text": "homologar",
        "userDefined": false
      }
    ],
    "isTemplate": false,
    "count": 0,
    "lang": "es",
    "updated": 0
  }
]