{"doc_id": "ace781cb-22ee-4bc5-a282-5560dcb78682", "doc_name": "CanIdentifier", "doc_version": "51cb9a545e957bd1958c6e999c957d7d", "format": "tf_lite", "version": 13, "inputs": {"Image": {"dtype": "float32", "shape": [null, 224, 224, 3], "name": "Image"}}, "outputs": {"Confidences": {"dtype": "float32", "shape": [null, 5], "name": "ace781cb-22ee-4bc5-a282-5560dcb78682.854439b7-fdda-4b09-a631-c83f406e19ed/dense_2/Softmax"}}, "tags": [], "classes": {"Label": ["Border Collie", "Ganadero Australiano", "Golden Retriever", "Husky Siberiano", "Pastor Alemán"]}, "filename": "saved_model.tflite", "export_model_version": 1}